{"cameraMode":{"drawMode":0,"name":"Shaded","section":"Shading Mode"},"sceneLighting":true,"audioPlay":false,"sceneViewState":{"m_AlwaysRefresh":false,"showFog":true,"showSkybox":true,"showFlares":true,"showImageEffects":true,"showParticleSystems":true,"showVisualEffectGraphs":true,"m_FxEnabled":true},"in2DMode":false,"pivot":{"x":16.7195987701416,"y":2.6605944633483888,"z":24.204784393310548},"rotation":{"x":-0.0000946999789448455,"y":-0.9990686774253845,"z":-0.04468183591961861,"w":-0.004531026817858219},"size":4.442868232727051,"orthographic":false}