{"cameraMode":{"drawMode":0,"name":"Shaded","section":"Shading Mode"},"sceneLighting":false,"audioPlay":false,"sceneViewState":{"m_AlwaysRefresh":false,"showFog":true,"showSkybox":false,"showFlares":true,"showImageEffects":true,"showParticleSystems":true,"showVisualEffectGraphs":true,"m_FxEnabled":true},"in2DMode":false,"pivot":{"x":-10.357732772827149,"y":1.3009657859802247,"z":-38.772796630859378},"rotation":{"x":0.00545484246686101,"y":-0.9902001023292542,"z":0.04043210670351982,"w":0.1335943341255188},"size":0.24428682029247285,"orthographic":false}